-- MySQL dump 10.13  Distrib 8.0.27, for Win64 (x86_64)
--
-- Host: localhost    Database: preguntas_examen
-- ------------------------------------------------------
-- Server version	5.7.36-log

/*!40101 SET @OLD_CHARACTER_SET_CLIENT=@@CHARACTER_SET_CLIENT */;
/*!40101 SET @OLD_CHARACTER_SET_RESULTS=@@CHARACTER_SET_RESULTS */;
/*!40101 SET @OLD_COLLATION_CONNECTION=@@COLLATION_CONNECTION */;
/*!50503 SET NAMES utf8 */;
/*!40103 SET @OLD_TIME_ZONE=@@TIME_ZONE */;
/*!40103 SET TIME_ZONE='+00:00' */;
/*!40014 SET @OLD_UNIQUE_CHECKS=@@UNIQUE_CHECKS, UNIQUE_CHECKS=0 */;
/*!40014 SET @OLD_FOREIGN_KEY_CHECKS=@@FOREIGN_KEY_CHECKS, FOREIGN_KEY_CHECKS=0 */;
/*!40101 SET @OLD_SQL_MODE=@@SQL_MODE, SQL_MODE='NO_AUTO_VALUE_ON_ZERO' */;
/*!40111 SET @OLD_SQL_NOTES=@@SQL_NOTES, SQL_NOTES=0 */;

--
-- Table structure for table `materia`
--

DROP TABLE IF EXISTS `materia`;
/*!40101 SET @saved_cs_client     = @@character_set_client */;
/*!50503 SET character_set_client = utf8mb4 */;
CREATE TABLE `materia` (
  `ID_MATERIA` int(11) NOT NULL AUTO_INCREMENT,
  `NOMBRE_MATERIA` varchar(100) DEFAULT NULL,
  PRIMARY KEY (`ID_MATERIA`)
) ENGINE=InnoDB AUTO_INCREMENT=10 DEFAULT CHARSET=latin1;
/*!40101 SET character_set_client = @saved_cs_client */;

--
-- Dumping data for table `materia`
--

LOCK TABLES `materia` WRITE;
/*!40000 ALTER TABLE `materia` DISABLE KEYS */;
INSERT INTO `materia` VALUES (1,'CIBERSEGURIDAD WEB'),(2,'DESARROLLO SEGURO DEL SOFTWARE'),(3,'PLATAFORMAS DE DESARROLLO DE SOFTWARE'),(4,'ADMINISTRACION DE SISITEMAS'),(5,'EXPERIENCIA E INTERFAZ DE USUARIO'),(6,'PROYECTO DE APLICACION'),(7,'METODOLOGIAS DESARROLLO Y CALIDAD'),(8,'DIRECCION Y GESTION'),(9,'DESARROLLO WEB INTEGRAL');
/*!40000 ALTER TABLE `materia` ENABLE KEYS */;
UNLOCK TABLES;

--
-- Table structure for table `origen`
--

DROP TABLE IF EXISTS `origen`;
/*!40101 SET @saved_cs_client     = @@character_set_client */;
/*!50503 SET character_set_client = utf8mb4 */;
CREATE TABLE `origen` (
  `ID_ORIGEN` int(11) NOT NULL AUTO_INCREMENT,
  `ORIGEN` varchar(100) DEFAULT NULL,
  PRIMARY KEY (`ID_ORIGEN`)
) ENGINE=InnoDB AUTO_INCREMENT=3 DEFAULT CHARSET=latin1;
/*!40101 SET character_set_client = @saved_cs_client */;

--
-- Dumping data for table `origen`
--

LOCK TABLES `origen` WRITE;
/*!40000 ALTER TABLE `origen` DISABLE KEYS */;
INSERT INTO `origen` VALUES (1,'CHATGPT'),(2,'UNIR');
/*!40000 ALTER TABLE `origen` ENABLE KEYS */;
UNLOCK TABLES;

--
-- Table structure for table `preguntas`
--

DROP TABLE IF EXISTS `preguntas`;
/*!40101 SET @saved_cs_client     = @@character_set_client */;
/*!50503 SET character_set_client = utf8mb4 */;
CREATE TABLE `preguntas` (
  `ID_PREGUNTA` int(11) NOT NULL AUTO_INCREMENT,
  `ID_SUBTEMA_TOPICO` int(11) NOT NULL,
  `ID_ORIGEN` int(11) NOT NULL,
  `PREGUNTA` varchar(500) NOT NULL,
  `RUTA_ARCHIVO` varchar(500) DEFAULT NULL,
  `RESPUESTA_B` varchar(500) NOT NULL,
  `RESPUESTA_C` varchar(500) DEFAULT NULL,
  `RESPUESTA_D` varchar(500) DEFAULT NULL,
  `RESPUESTA_CORRECTA` varchar(3) DEFAULT NULL,
  `EXPLICACION` text,
  `IMAGEN_PREGUNTA` blob,
  `ERRORES` int(11) DEFAULT NULL,
  `ID_MATERIA` int(11) DEFAULT NULL,
  `UNIDAD` varchar(8) DEFAULT NULL,
  `RESPUESTA_A` varchar(500) NOT NULL,
  `IMAGEN_RESP_A` mediumblob,
  `IMAGEN_RESP_B` mediumblob,
  `IMAGEN_RESP_C` mediumblob,
  `IMAGEN_RESP_D` mediumblob,
  `IMAGEN_EXPLICA` mediumblob,
  `RESPUESTA_E` varchar(500) DEFAULT NULL,
  `IMAGEN_RESP_E` mediumblob,
  `RESPUESTA_F` varchar(500) DEFAULT NULL,
  `IMAGEN_RESP_F` mediumblob,
  `RESPUESTA_G` varchar(500) DEFAULT NULL,
  `IMAGEN_RESP_G` mediumblob,
  PRIMARY KEY (`ID_PREGUNTA`),
  UNIQUE KEY `PREGUNTA` (`PREGUNTA`)
) ENGINE=InnoDB AUTO_INCREMENT=138 DEFAULT CHARSET=latin1;
/*!40101 SET character_set_client = @saved_cs_client */;

--
-- Dumping data for table `preguntas`
--

LOCK TABLES `preguntas` WRITE;
/*!40000 ALTER TABLE `preguntas` DISABLE KEYS */;
INSERT INTO `preguntas` VALUES (1,1,1,'¿Cuál de las siguientes opciones es una declaración válida de variable en Java?',NULL,'B.-double precio = 25.99;','C.-string nombre = \"Java\";','D.-booleano esValido = true;','B',NULL,NULL,NULL,NULL,NULL,'A.-int numero = \"10\";',NULL,NULL,NULL,NULL,NULL,NULL,NULL,NULL,NULL,NULL,NULL),(2,1,1,'¿Cuál de los siguientes modificadores de acceso permite que una variable o método solo sea accesible dentro de la misma clase?',NULL,'B.-protected','C.-private','D.-default','C',NULL,NULL,NULL,NULL,NULL,'A.-public',NULL,NULL,NULL,NULL,NULL,NULL,NULL,NULL,NULL,NULL,NULL),(3,1,1,'¿Qué palabra clave se usa para declarar una constante en Java?',NULL,'B.-final','C.-static','D.-let','B','En Java, la palabra clave \"final\" se usa para declarar constantes.',NULL,NULL,NULL,NULL,'A.-const',NULL,NULL,NULL,NULL,NULL,NULL,NULL,NULL,NULL,NULL,NULL),(4,1,1,'¿Cuál es el tipo de dato predeterminado para números decimales en Java?',NULL,'B.-double','C.-int','D.-decimal','B','El tipo de dato predeterminado para números decimales en Java es \"double\".',NULL,NULL,NULL,NULL,'A.-float',NULL,NULL,NULL,NULL,NULL,NULL,NULL,NULL,NULL,NULL,NULL),(5,1,1,'¿Qué operador se usa para comparar si dos valores son iguales en Java?',NULL,'B.-=','C.-equals()','D.-!=','A','El operador \"==\" se usa para comparar valores primitivos en Java. Para objetos, se usa equals().',NULL,NULL,NULL,NULL,'A.-==',NULL,NULL,NULL,NULL,NULL,NULL,NULL,NULL,NULL,NULL,NULL),(6,1,1,'¿Cuál de los siguientes no es un tipo de dato primitivo en Java?',NULL,'B.-String','C.-double','D.-boolean','B','String no es un tipo de dato primitivo, es una clase en Java.',NULL,NULL,NULL,NULL,'A.-int',NULL,NULL,NULL,NULL,NULL,NULL,NULL,NULL,NULL,NULL,NULL),(7,1,1,'¿Cómo se declara un array de enteros en Java?',NULL,'B.-array<int> = new int[5];','C.-int[] array = new int(5);','D.-array[] int = new int[5];','A','La forma correcta de declarar un array en Java es \"int array[] = new int[5];\".',NULL,NULL,NULL,NULL,'A.-int array[] = new int[5];',NULL,NULL,NULL,NULL,NULL,NULL,NULL,NULL,NULL,NULL,NULL),(8,1,1,'¿Cuál es el resultado de la operación 10 / 3 en Java si ambos son enteros?',NULL,'B.-3','C.-4','D.-Error','B','En Java, la división entre enteros devuelve un entero, por lo que 10 / 3 es 3.',NULL,NULL,NULL,NULL,'A.-3.33',NULL,NULL,NULL,NULL,NULL,NULL,NULL,NULL,NULL,NULL,NULL),(9,1,1,'¿Qué estructura se usa para manejar excepciones en Java?',NULL,'B.-switch-case','C.-try-catch','D.-for-each','C','El bloque try-catch se usa para manejar excepciones en Java.',NULL,NULL,NULL,NULL,'A.-if-else',NULL,NULL,NULL,NULL,NULL,NULL,NULL,NULL,NULL,NULL,NULL),(10,1,1,'¿Cuál de las siguientes opciones es un bucle en Java?',NULL,'B.-foreach()','C.-do-while','D.-if-else','C','do-while es un bucle en Java que se ejecuta al menos una vez antes de evaluar la condición.',NULL,NULL,NULL,NULL,'A.-loop()',NULL,NULL,NULL,NULL,NULL,NULL,NULL,NULL,NULL,NULL,NULL),(11,1,1,'¿Cuál es la función principal de la palabra clave \"this\" en Java?',NULL,'B.-Referenciar la propia instancia de la clase','C.-Indicar una variable global','D.-Acceder a métodos estáticos','B','La palabra clave \"this\" en Java se usa para referenciar la instancia actual de la clase.',NULL,NULL,NULL,NULL,'A.-Referenciar la superclase',NULL,NULL,NULL,NULL,NULL,NULL,NULL,NULL,NULL,NULL,NULL),(12,1,1,'¿Qué palabra clave se usa para heredar una clase en Java?',NULL,'B.-inherits','C.-extends','D.-override','C','Para heredar una clase en Java se usa \"extends\".',NULL,NULL,NULL,NULL,'A.-implements',NULL,NULL,NULL,NULL,NULL,NULL,NULL,NULL,NULL,NULL,NULL),(13,1,1,'¿Qué modificador de acceso permite que un método sea accesible desde cualquier parte del programa?',NULL,'B.-protected','C.-default','D.-public','D','El modificador \"public\" permite que un método sea accesible desde cualquier parte del programa.',NULL,NULL,NULL,NULL,'A.-private',NULL,NULL,NULL,NULL,NULL,NULL,NULL,NULL,NULL,NULL,NULL),(14,1,1,'¿Qué pasa si un método tiene el mismo nombre pero diferente número de parámetros?',NULL,'B.-Sobrecarga de métodos','C.-Sobrescritura de métodos','D.-No es permitido en Java','B','Se llama sobrecarga de métodos (method overloading), donde un método tiene el mismo nombre pero diferentes parámetros.',NULL,NULL,NULL,NULL,'A.-Error de compilación',NULL,NULL,NULL,NULL,NULL,NULL,NULL,NULL,NULL,NULL,NULL),(15,1,1,'¿Cómo se llama el proceso de convertir un objeto de una subclase a su superclase?',NULL,'B.-Upcasting','C.-Polimorfismo','D.-Instanciación','B','Upcasting es el proceso de convertir un objeto de una subclase a su superclase en Java.',NULL,NULL,NULL,NULL,'A.-Downcasting',NULL,NULL,NULL,NULL,NULL,NULL,NULL,NULL,NULL,NULL,NULL),(16,1,1,'¿Cuál es el valor predeterminado de un atributo de instancia de tipo int en Java?',NULL,'B.-0','C.-1','D.-No tiene valor por defecto','B','Los atributos de tipo int en Java tienen un valor predeterminado de 0.',NULL,NULL,NULL,NULL,'A.-null',NULL,NULL,NULL,NULL,NULL,NULL,NULL,NULL,NULL,NULL,NULL),(17,1,1,'¿Cuál de los siguientes no es un operador lógico en Java?',NULL,'B.-||','C.-!','D.-%%','D','El operador \"%%\" no existe en Java. Los operadores lógicos válidos son &&, || y !.',NULL,NULL,NULL,NULL,'A.-&&',NULL,NULL,NULL,NULL,NULL,NULL,NULL,NULL,NULL,NULL,NULL),(18,1,1,'¿Qué tipo de dato devuelve un método con la firma \"public void metodo()\"?',NULL,'B.-void','C.-null','D.-No devuelve nada','B','El tipo \"void\" indica que el método no devuelve ningún valor.',NULL,NULL,NULL,NULL,'A.-int',NULL,NULL,NULL,NULL,NULL,NULL,NULL,NULL,NULL,NULL,NULL),(19,1,1,'¿Qué palabra clave se usa para definir una interfaz en Java?',NULL,'B.-class','C.-interface','D.-implements','C','La palabra clave \"interface\" se usa para definir interfaces en Java.',NULL,NULL,NULL,NULL,'A.-abstract',NULL,NULL,NULL,NULL,NULL,NULL,NULL,NULL,NULL,NULL,NULL),(20,1,1,'¿Cuál es la salida de System.out.println(2 + \"3\"); en Java?',NULL,'B.-23','C.-Error de compilación','D.-Ninguna de las anteriores','B','En Java, si se concatena un número con un string, el número se convierte en string.',NULL,NULL,NULL,NULL,'A.-5',NULL,NULL,NULL,NULL,NULL,NULL,NULL,NULL,NULL,NULL,NULL),(21,1,1,'¿Qué método se ejecuta automáticamente cuando se instancia una clase en Java?',NULL,'B.-start()','C.-constructor','D.-initialize()','C','El constructor es el método que se ejecuta automáticamente al instanciar una clase en Java.',NULL,NULL,NULL,NULL,'A.-run()',NULL,NULL,NULL,NULL,NULL,NULL,NULL,NULL,NULL,NULL,NULL),(22,2,1,'¿Cuál es la función de la instrucción \"def\" en Python?',NULL,'B.-Definir una función','C.-Importar un módulo','D.-Declarar una variable','B','La palabra clave \"def\" en Python se usa para definir funciones.',NULL,NULL,NULL,NULL,'A.-Definir una clase',NULL,NULL,NULL,NULL,NULL,NULL,NULL,NULL,NULL,NULL,NULL),(23,2,1,'¿Qué operador se usa para calcular el módulo de una división en Python?',NULL,'B.-//','C.-/','D.-*','A','El operador \"%\" se usa para obtener el residuo de una división en Python.',NULL,NULL,NULL,NULL,'A.-%',NULL,NULL,NULL,NULL,NULL,NULL,NULL,NULL,NULL,NULL,NULL),(24,2,1,'¿Cómo se declara una lista en Python?',NULL,'B.-list = [1,2,3]','C.-list = (1,2,3)','D.-list = <1,2,3>','B','Las listas en Python se declaran con corchetes [].',NULL,NULL,NULL,NULL,'A.-list = {1,2,3}',NULL,NULL,NULL,NULL,NULL,NULL,NULL,NULL,NULL,NULL,NULL),(25,2,1,'¿Cuál de los siguientes no es un tipo de dato en Python?',NULL,'B.-float','C.-char','D.-bool','C','Python no tiene un tipo de dato \"char\"; los caracteres son cadenas de un solo carácter.',NULL,NULL,NULL,NULL,'A.-int',NULL,NULL,NULL,NULL,NULL,NULL,NULL,NULL,NULL,NULL,NULL),(26,2,1,'¿Cuál es la forma correcta de escribir un comentario en Python?',NULL,'B.-# Este es un comentario','C.-<!-- Este es un comentario -->','D.-/* Este es un comentario */','B','En Python, los comentarios de una sola línea se escriben con \"#\".',NULL,NULL,NULL,NULL,'A.-// Este es un comentario',NULL,NULL,NULL,NULL,NULL,NULL,NULL,NULL,NULL,NULL,NULL),(27,2,1,'¿Qué función se usa para obtener la longitud de una lista en Python?',NULL,'B.-size()','C.-count()','D.-len()','D','La función \"len()\" se usa para obtener la longitud de una lista en Python.',NULL,NULL,NULL,NULL,'A.-length()',NULL,NULL,NULL,NULL,NULL,NULL,NULL,NULL,NULL,NULL,NULL),(28,2,1,'¿Cuál es la forma correcta de abrir un archivo en Python?',NULL,'B.-file = read(\"archivo.txt\")','C.-file.open(\"archivo.txt\")','D.-file = openFile(\"archivo.txt\")','A','La función \"open()\" se usa para abrir archivos en Python.',NULL,NULL,NULL,NULL,'A.-file = open(\"archivo.txt\", \"r\")',NULL,NULL,NULL,NULL,NULL,NULL,NULL,NULL,NULL,NULL,NULL),(29,2,1,'¿Cuál es el resultado de print(2 ** 3) en Python?',NULL,'B.-8','C.-9','D.-Error','B','El operador \"**\" en Python se usa para exponentes, por lo que 2 ** 3 es 8.',NULL,NULL,NULL,NULL,'A.-6',NULL,NULL,NULL,NULL,NULL,NULL,NULL,NULL,NULL,NULL,NULL),(30,2,1,'¿Cuál es el valor de la expresión bool([]) en Python?',NULL,'B.-False','C.-Error','D.-None','B','Las listas vacías en Python se evalúan como False en un contexto booleano.',NULL,NULL,NULL,NULL,'A.-True',NULL,NULL,NULL,NULL,NULL,NULL,NULL,NULL,NULL,NULL,NULL),(31,2,1,'¿Cómo se define una variable global dentro de una función en Python?',NULL,'B.-def global variable','C.-set global variable','D.-var global','A','Para definir una variable global dentro de una función en Python, se usa la palabra clave \"global\".',NULL,NULL,NULL,NULL,'A.-global variable',NULL,NULL,NULL,NULL,NULL,NULL,NULL,NULL,NULL,NULL,NULL),(32,2,1,'¿Qué método se usa para convertir un string en minúsculas en Python?',NULL,'B.-lower()','C.-small()','D.-downcase()','B','El método \"lower()\" convierte un string a minúsculas en Python.',NULL,NULL,NULL,NULL,'A.-toLowerCase()',NULL,NULL,NULL,NULL,NULL,NULL,NULL,NULL,NULL,NULL,NULL),(33,2,1,'¿Qué tipo de estructura de control es \"elif\" en Python?',NULL,'B.-Bucle','C.-Función','D.-Excepción','A','El \"elif\" en Python se usa en estructuras condicionales.',NULL,NULL,NULL,NULL,'A.-Condicional',NULL,NULL,NULL,NULL,NULL,NULL,NULL,NULL,NULL,NULL,NULL),(34,2,1,'¿Cuál de los siguientes métodos se usa para agregar un elemento a una lista en Python?',NULL,'B.-insert()','C.-append()','D.-push()','C','El método \"append()\" agrega un elemento al final de una lista en Python.',NULL,NULL,NULL,NULL,'A.-add()',NULL,NULL,NULL,NULL,NULL,NULL,NULL,NULL,NULL,NULL,NULL),(35,2,1,'¿Qué devuelve la función type(5) en Python?',NULL,'B.-<class \'int\'>','C.-\"integer\"','D.-Error','B','La función \"type()\" devuelve el tipo de dato de un valor en Python.',NULL,NULL,NULL,NULL,'A.-\"int\"',NULL,NULL,NULL,NULL,NULL,NULL,NULL,NULL,NULL,NULL,NULL),(36,2,1,'¿Cuál es la forma correcta de definir un diccionario en Python?',NULL,'B.-dict = {key1: value1, key2: value2}','C.-dict = (key1: value1, key2: value2)','D.-dict = <key1: value1, key2: value2>','B','Los diccionarios en Python se definen con llaves {}.',NULL,NULL,NULL,NULL,'A.-dict = [key1: value1, key2: value2]',NULL,NULL,NULL,NULL,NULL,NULL,NULL,NULL,NULL,NULL,NULL),(37,2,1,'¿Cuál es la función de la instrucción \"import\" en Python?',NULL,'B.-Definir variables','C.-Declarar funciones','D.-Ejecutar código externo','A','La palabra clave \"import\" se usa para importar módulos en Python.',NULL,NULL,NULL,NULL,'A.-Importar módulos',NULL,NULL,NULL,NULL,NULL,NULL,NULL,NULL,NULL,NULL,NULL),(39,2,1,'¿Cuál es la función de la palabra clave \"pass\" en Python?',NULL,'B.-Ignorar una línea de código','C.-Definir una función vacía','D.-Cerrar un archivo','C','La palabra clave \"pass\" se usa como marcador de posición en funciones o clases vacías.',NULL,NULL,NULL,NULL,'A.-Terminar un bucle',NULL,NULL,NULL,NULL,NULL,NULL,NULL,NULL,NULL,NULL,NULL),(40,2,1,'¿Cuál es la salida de print(\"Python\"[::-1])?',NULL,'B.-\"Python\"','C.-Error','D.-None','A','El operador de slicing \"[::-1]\" invierte una cadena en Python.',NULL,NULL,NULL,NULL,'A.-\"nohtyP\"',NULL,NULL,NULL,NULL,NULL,NULL,NULL,NULL,NULL,NULL,NULL),(41,3,1,'¿Qué instrucción se usa para seleccionar todos los registros de una tabla en SQL?',NULL,'B.-SELECT * FROM tabla','C.-SHOW * FROM tabla','D.-FETCH * FROM tabla','B','La instrucción correcta para seleccionar todos los registros es \"SELECT * FROM tabla\".',NULL,NULL,NULL,NULL,'A.-GET * FROM tabla',NULL,NULL,NULL,NULL,NULL,NULL,NULL,NULL,NULL,NULL,NULL),(42,3,1,'¿Qué cláusula se usa para filtrar resultados en una consulta SQL?',NULL,'B.-WHERE','C.-HAVING','D.-ORDER BY','B','La cláusula \"WHERE\" se usa para filtrar registros en una consulta SQL.',NULL,NULL,NULL,NULL,'A.-FILTER',NULL,NULL,NULL,NULL,NULL,NULL,NULL,NULL,NULL,NULL,NULL),(43,3,1,'¿Cuál de los siguientes comandos se usa para eliminar una tabla en SQL?',NULL,'B.-DELETE TABLE nombre_tabla','C.-DROP TABLE nombre_tabla','D.-CLEAR TABLE nombre_tabla','C','El comando \"DROP TABLE\" elimina completamente una tabla y sus datos.',NULL,NULL,NULL,NULL,'A.-REMOVE TABLE nombre_tabla',NULL,NULL,NULL,NULL,NULL,NULL,NULL,NULL,NULL,NULL,NULL),(44,3,1,'¿Cómo se renombra una tabla en SQL?',NULL,'B.-CHANGE TABLE tabla TO nueva_tabla','C.-ALTER TABLE tabla RENAME TO nueva_tabla','D.-RENAME TABLE tabla TO nueva_tabla','D','El comando \"RENAME TABLE nombre_actual TO nuevo_nombre\" cambia el nombre de una tabla en SQL.',NULL,NULL,NULL,NULL,'A.-MODIFY TABLE tabla RENAME TO nueva_tabla',NULL,NULL,NULL,NULL,NULL,NULL,NULL,NULL,NULL,NULL,NULL),(45,3,1,'¿Cuál de las siguientes opciones es una restricción de SQL?',NULL,'B.-CHECK','C.-NOT NULL','D.-Todas las anteriores','D','Las restricciones en SQL incluyen PRIMARY KEY, CHECK, NOT NULL, y otras.',NULL,NULL,NULL,NULL,'A.-PRIMARY KEY',NULL,NULL,NULL,NULL,NULL,NULL,NULL,NULL,NULL,NULL,NULL),(46,3,1,'¿Qué comando se usa para actualizar datos en una tabla en SQL?',NULL,'B.-UPDATE','C.-MODIFY','D.-SET','B','El comando \"UPDATE\" se usa para modificar registros existentes en una tabla.',NULL,NULL,NULL,NULL,'A.-CHANGE',NULL,NULL,NULL,NULL,NULL,NULL,NULL,NULL,NULL,NULL,NULL),(47,3,1,'¿Cómo se obtiene el número total de registros en una tabla en SQL?',NULL,'B.-SUM(*)','C.-TOTAL(*)','D.-LENGTH(*)','A','La función \"COUNT(*)\" devuelve el número total de registros en una tabla.',NULL,NULL,NULL,NULL,'A.-COUNT(*)',NULL,NULL,NULL,NULL,NULL,NULL,NULL,NULL,NULL,NULL,NULL),(48,3,1,'¿Cuál de las siguientes cláusulas se usa para ordenar los resultados de una consulta SQL?',NULL,'B.-ORDER BY','C.-GROUP BY','D.-RANK BY','B','La cláusula \"ORDER BY\" ordena los resultados de una consulta SQL.',NULL,NULL,NULL,NULL,'A.-SORT BY',NULL,NULL,NULL,NULL,NULL,NULL,NULL,NULL,NULL,NULL,NULL),(49,3,1,'¿Cómo se seleccionan registros únicos en SQL?',NULL,'B.-SELECT UNIQUE columna FROM tabla','C.-SELECT DIFFERENT columna FROM tabla','D.-SELECT DISTINCTIVE columna FROM tabla','A','La palabra clave \"DISTINCT\" permite seleccionar valores únicos en SQL.',NULL,NULL,NULL,NULL,'A.-SELECT DISTINCT columna FROM tabla',NULL,NULL,NULL,NULL,NULL,NULL,NULL,NULL,NULL,NULL,NULL),(50,3,1,'¿Cuál es el propósito de la cláusula GROUP BY en SQL?',NULL,'B.-Agrupar registros con valores en común','C.-Eliminar registros duplicados','D.-Filtrar datos en una consulta','B','La cláusula \"GROUP BY\" se usa para agrupar filas que tienen valores idénticos en columnas específicas.',NULL,NULL,NULL,NULL,'A.-Ordenar los registros',NULL,NULL,NULL,NULL,NULL,NULL,NULL,NULL,NULL,NULL,NULL),(51,3,1,'¿Cuál es la función de la cláusula HAVING en SQL?',NULL,'B.-Ordenar los datos en una consulta','C.-Eliminar registros duplicados','D.-Limitar el número de registros en una consulta','A','La cláusula \"HAVING\" se usa para filtrar datos después de aplicar \"GROUP BY\".',NULL,NULL,NULL,NULL,'A.-Filtrar resultados después de agrupar con GROUP BY',NULL,NULL,NULL,NULL,NULL,NULL,NULL,NULL,NULL,NULL,NULL),(52,3,1,'¿Cuál es la diferencia entre DELETE y TRUNCATE en SQL?',NULL,'B.-DELETE elimina la tabla completa, TRUNCATE solo los registros','C.-DELETE y TRUNCATE son sinónimos','D.-DELETE solo borra algunos registros, TRUNCATE borra la base de datos','A','DELETE permite eliminar registros específicos con WHERE, mientras que TRUNCATE borra toda la tabla de manera rápida y sin registrar cada eliminación individualmente.',NULL,NULL,NULL,NULL,'A.-DELETE borra registros individualmente, TRUNCATE borra todos sin registro en logs',NULL,NULL,NULL,NULL,NULL,NULL,NULL,NULL,NULL,NULL,NULL),(53,3,1,'¿Cómo se crea una nueva base de datos en SQL?',NULL,'B.-CREATE DATABASE nombre','C.-ADD DATABASE nombre','D.-MAKE DATABASE nombre','B','El comando \"CREATE DATABASE nombre\" se usa para crear una nueva base de datos.',NULL,NULL,NULL,NULL,'A.-NEW DATABASE nombre',NULL,NULL,NULL,NULL,NULL,NULL,NULL,NULL,NULL,NULL,NULL),(54,3,1,'¿Cuál es el comando para agregar una nueva columna a una tabla en SQL?',NULL,'B.-ALTER TABLE ... ADD COLUMN','C.-INSERT COLUMN','D.-MODIFY TABLE ... ADD COLUMN','B','El comando \"ALTER TABLE tabla ADD COLUMN nombre_columna tipo_dato\" se usa para añadir columnas a una tabla existente.',NULL,NULL,NULL,NULL,'A.-ADD COLUMN',NULL,NULL,NULL,NULL,NULL,NULL,NULL,NULL,NULL,NULL,NULL),(55,3,1,'¿Cómo se elimina un solo registro de una tabla en SQL?',NULL,'B.-REMOVE FROM tabla WHERE id = valor','C.-DROP FROM tabla WHERE id = valor','D.-ERASE FROM tabla WHERE id = valor','A','El comando correcto es \"DELETE FROM tabla WHERE id = valor\".',NULL,NULL,NULL,NULL,'A.-DELETE FROM tabla WHERE id = valor',NULL,NULL,NULL,NULL,NULL,NULL,NULL,NULL,NULL,NULL,NULL),(56,3,1,'¿Qué comando se usa para hacer una copia de seguridad de una base de datos en SQL?',NULL,'B.-EXPORT DATABASE nombre','C.-SAVE DATABASE nombre','D.-DUMP DATABASE nombre','A','El comando \"BACKUP DATABASE nombre\" se usa para crear una copia de seguridad en SQL.',NULL,NULL,NULL,NULL,'A.-BACKUP DATABASE nombre',NULL,NULL,NULL,NULL,NULL,NULL,NULL,NULL,NULL,NULL,NULL),(57,3,1,'¿Cuál es la estructura básica de una consulta SQL?',NULL,'B.-SELECT columna FROM tabla','C.-FETCH columna FROM tabla','D.-SHOW columna FROM tabla','B','La estructura básica de una consulta SQL es \"SELECT columna FROM tabla\".',NULL,NULL,NULL,NULL,'A.-GET columna FROM tabla',NULL,NULL,NULL,NULL,NULL,NULL,NULL,NULL,NULL,NULL,NULL),(58,3,1,'¿Qué hace la cláusula LIMIT en una consulta SQL?',NULL,'B.-Ordena los registros de la consulta','C.-Agrupa los datos en la consulta','D.-Elimina registros duplicados','A','La cláusula \"LIMIT\" restringe la cantidad de registros devueltos por una consulta SQL.',NULL,NULL,NULL,NULL,'A.-Limita el número de registros devueltos',NULL,NULL,NULL,NULL,NULL,NULL,NULL,NULL,NULL,NULL,NULL),(59,3,1,'¿Cómo se combinan registros de dos tablas en SQL?',NULL,'B.-COMBINE TABLES','C.-MERGE TABLES','D.-USING UNION','D','El operador \"UNION\" combina los resultados de dos consultas SQL.',NULL,NULL,NULL,NULL,'A.-USING JOIN',NULL,NULL,NULL,NULL,NULL,NULL,NULL,NULL,NULL,NULL,NULL),(60,3,1,'¿Qué operador se usa para buscar un patrón de texto en SQL?',NULL,'B.-FIND','C.-MATCH','D.-SEARCH','A','El operador \"LIKE\" permite buscar patrones en columnas de texto en SQL.',NULL,NULL,NULL,NULL,'A.-LIKE',NULL,NULL,NULL,NULL,NULL,NULL,NULL,NULL,NULL,NULL,NULL),(61,4,1,'¿Cuál es la principal responsabilidad del Product Owner en un equipo Scrum?',NULL,'B.- Asegurar que se sigan las reglas de Scrum','C.- Maximizar el valor del producto y gestionar el Product Backlog','D.- Redactar reportes de avance para la gerencia','C','El Product Owner es responsable de maximizar el valor del producto y gestionar el Product Backlog.',NULL,NULL,NULL,NULL,'A.- Gestionar el equipo de desarrollo',NULL,NULL,NULL,NULL,NULL,NULL,NULL,NULL,NULL,NULL,NULL),(62,4,1,'¿Qué rol en Scrum es responsable de remover impedimentos para el equipo?',NULL,'B.- Scrum Master','C.- Project Manager','D.- Desarrollador líder','B','El Scrum Master facilita el trabajo del equipo y remueve impedimentos que puedan afectar el avance.',NULL,NULL,NULL,NULL,'A.- Product Owner',NULL,NULL,NULL,NULL,NULL,NULL,NULL,NULL,NULL,NULL,NULL),(63,4,1,'¿Quién decide cómo se implementa el trabajo del Sprint en Scrum?',NULL,'B.- El Product Owner','C.- El equipo de desarrollo','D.- El gerente del proyecto','C','El equipo de desarrollo es autoorganizado y decide cómo hacer el trabajo.',NULL,NULL,NULL,NULL,'A.- El Scrum Master',NULL,NULL,NULL,NULL,NULL,NULL,NULL,NULL,NULL,NULL,NULL),(64,4,1,'¿Cuál es una característica clave del Scrum Master?',NULL,'B.- Es un líder servicial que guía al equipo','C.- Es responsable del presupuesto del proyecto','D.- Es el único que puede modificar el Product Backlog','B','El Scrum Master es un líder servicial, no un jefe. Ayuda al equipo a aplicar Scrum efectivamente.',NULL,NULL,NULL,NULL,'A.- Controla al equipo de desarrollo',NULL,NULL,NULL,NULL,NULL,NULL,NULL,NULL,NULL,NULL,NULL),(65,4,1,'¿Quién es responsable de priorizar los elementos del Product Backlog?',NULL,'B.- Development Team','C.- Product Owner','D.- Stakeholders','C','El Product Owner es el único responsable de la priorización del Product Backlog.',NULL,NULL,NULL,NULL,'A.- Scrum Master',NULL,NULL,NULL,NULL,NULL,NULL,NULL,NULL,NULL,NULL,NULL),(66,4,1,'¿Qué actividad realiza el Product Owner durante el Sprint Planning?',NULL,'B.- Estima el esfuerzo de cada tarea','C.- Define el objetivo del Sprint y prioriza los ítems del backlog','D.- Asigna tareas a los desarrolladores','C','El Product Owner colabora en la definición del objetivo del Sprint y ayuda a priorizar el backlog.',NULL,NULL,NULL,NULL,'A.- Supervisa al equipo de desarrollo',NULL,NULL,NULL,NULL,NULL,NULL,NULL,NULL,NULL,NULL,NULL),(67,4,1,'¿Cuál es el papel del Scrum Master en la Daily Scrum?',NULL,'B.- Asignar tareas pendientes','C.- Facilitar la reunión si es necesario y asegurarse de que se realice','D.- Evaluar el desempeño individual del equipo','C','La Daily Scrum es para el equipo, pero el Scrum Master vela por su realización y facilita si es necesario.',NULL,NULL,NULL,NULL,'A.- Liderar la reunión y tomar decisiones técnicas',NULL,NULL,NULL,NULL,NULL,NULL,NULL,NULL,NULL,NULL,NULL),(68,4,1,'¿Quién tiene la última palabra sobre el contenido del Product Backlog?',NULL,'B.- Stakeholders','C.- Product Owner','D.- Equipo de desarrollo','C','El Product Owner es el único responsable del contenido y orden del Product Backlog.',NULL,NULL,NULL,NULL,'A.- Scrum Master',NULL,NULL,NULL,NULL,NULL,NULL,NULL,NULL,NULL,NULL,NULL),(69,4,1,'¿Quién puede modificar el Product Backlog?',NULL,'B.- El Product Owner','C.- El Scrum Master','D.- El cliente directamente','B','El Product Owner es responsable de gestionar y modificar el Product Backlog.',NULL,NULL,NULL,NULL,'A.- Cualquier miembro del equipo',NULL,NULL,NULL,NULL,NULL,NULL,NULL,NULL,NULL,NULL,NULL),(70,4,1,'¿Quién evalúa el trabajo completado durante la Sprint Review?',NULL,'B.- El Product Owner con el equipo de desarrollo y stakeholders','C.- El equipo de desarrollo de forma privada','D.- Un auditor externo','B','Durante la Sprint Review se presenta el incremento terminado y se discute con stakeholders y el Product Owner.',NULL,NULL,NULL,NULL,'A.- Solo el Scrum Master',NULL,NULL,NULL,NULL,NULL,NULL,NULL,NULL,NULL,NULL,NULL),(71,5,1,'¿Cuál es la estructura típica de una historia de usuario?',NULL,'B.- Quiero, necesito, deseo','C.- Como <rol>, quiero <acción>, para <beneficio>','D.- Quién, cuándo y dónde','C','La forma más común es: \"Como [rol], quiero [funcionalidad], para [beneficio]\".',NULL,NULL,NULL,NULL,'A.- Qué, cómo y por qué',NULL,NULL,NULL,NULL,NULL,NULL,NULL,NULL,NULL,NULL,NULL),(72,5,1,'¿Qué NO debería incluir una historia de usuario?',NULL,'B.- Requisitos técnicos detallados','C.- Criterios de aceptación','D.- Objetivo de negocio','B','Las historias de usuario deben centrarse en el valor para el usuario, no en detalles técnicos.',NULL,NULL,NULL,NULL,'A.- Roles y beneficios',NULL,NULL,NULL,NULL,NULL,NULL,NULL,NULL,NULL,NULL,NULL),(73,5,1,'¿Quién es el principal responsable de redactar las historias de usuario?',NULL,'B.- El equipo de desarrollo','C.- El Product Owner','D.- Los testers','C','El Product Owner es el responsable de gestionar y redactar las historias de usuario en el backlog.',NULL,NULL,NULL,NULL,'A.- El Scrum Master',NULL,NULL,NULL,NULL,NULL,NULL,NULL,NULL,NULL,NULL,NULL),(74,5,1,'¿Qué representa la \"I\" en el acrónimo INVEST relacionado con historias de usuario?',NULL,'B.- Independiente','C.- Integrada','D.- Inteligente','B','INVEST es un acrónimo para evaluar historias: Independiente, Negociable, Valiosa, Estimable, Small y Testable.',NULL,NULL,NULL,NULL,'A.- Iterativa',NULL,NULL,NULL,NULL,NULL,NULL,NULL,NULL,NULL,NULL,NULL),(75,5,1,'¿Cuál es el propósito de los criterios de aceptación en una historia de usuario?',NULL,'B.- Calcular el tiempo de desarrollo exacto','C.- Establecer las condiciones bajo las cuales se considera que está completa','D.- Asignar prioridades','C','Los criterios de aceptación permiten definir claramente cuándo una historia está terminada y es funcional.',NULL,NULL,NULL,NULL,'A.- Determinar quién la va a programar',NULL,NULL,NULL,NULL,NULL,NULL,NULL,NULL,NULL,NULL,NULL),(76,5,1,'¿Cuál es el principal beneficio de usar historias de usuario en Scrum?',NULL,'B.- Facilitan la estimación técnica detallada','C.- Ayudan a enfocarse en el valor para el usuario final','D.- Reemplazan toda la documentación del proyecto','C','Las historias de usuario permiten mantener el enfoque en el valor que el producto entrega al usuario.',NULL,NULL,NULL,NULL,'A.- Permiten medir el desempeño del equipo',NULL,NULL,NULL,NULL,NULL,NULL,NULL,NULL,NULL,NULL,NULL),(77,5,1,'¿Qué característica NO corresponde a una buena historia de usuario?',NULL,'B.- Completamente detallada desde el inicio','C.- Independiente de otras historias','D.- Valiosa para el cliente','B','Las historias de usuario no deben estar completamente detalladas desde el inicio, deben permitir colaboración y discusión.',NULL,NULL,NULL,NULL,'A.- Pequeña y manejable',NULL,NULL,NULL,NULL,NULL,NULL,NULL,NULL,NULL,NULL,NULL),(78,5,1,'¿Cuándo se considera que una historia de usuario está lista para incluirse en un Sprint?',NULL,'B.- Cuando tiene una estimación exacta de horas','C.- Cuando cumple con la Definition of Ready','D.- Cuando ha sido votada por los stakeholders','C','La Definition of Ready (DoR) define los criterios que debe cumplir una historia para estar lista para un Sprint.',NULL,NULL,NULL,NULL,'A.- Cuando ha sido aprobada por el Scrum Master',NULL,NULL,NULL,NULL,NULL,NULL,NULL,NULL,NULL,NULL,NULL),(79,5,1,'¿Quiénes participan en el refinamiento del Product Backlog donde se discuten historias de usuario?',NULL,'B.- Solo los stakeholders','C.- El Product Owner y el equipo de desarrollo','D.- Cualquier persona interesada del proyecto','C','El Product Owner lidera el refinamiento, pero el equipo de desarrollo colabora activamente para aclarar y estimar historias.',NULL,NULL,NULL,NULL,'A.- Solo el Product Owner y el Scrum Master',NULL,NULL,NULL,NULL,NULL,NULL,NULL,NULL,NULL,NULL,NULL),(80,5,1,'¿Cuál es una diferencia clave entre una historia de usuario y una tarea técnica?',NULL,'B.- Las historias de usuario se enfocan en el usuario y su valor','C.- Las historias técnicas no necesitan criterios de aceptación','D.- Las historias de usuario no se estiman','B','Las historias de usuario están orientadas a la experiencia del usuario final, mientras que las tareas técnicas se centran en el cómo.',NULL,NULL,NULL,NULL,'A.- Las tareas técnicas son siempre más importantes',NULL,NULL,NULL,NULL,NULL,NULL,NULL,NULL,NULL,NULL,NULL),(81,7,1,'¿Qué evento marca el inicio oficial de un Sprint en Scrum?',NULL,'B.- La retrospectiva del Sprint anterior','C.- La planificación del Sprint (Sprint Planning)','D.- La revisión del Sprint (Sprint Review)','C','El Sprint comienza con la reunión de planificación del Sprint, donde se define qué se hará y cómo se hará.',NULL,NULL,NULL,NULL,'A.- La reunión diaria (Daily Scrum)',NULL,NULL,NULL,NULL,NULL,NULL,NULL,NULL,NULL,NULL,NULL),(82,7,1,'¿Qué evento marca la conclusión de un Sprint?',NULL,'B.- Sprint Planning','C.- Sprint Retrospective','D.- Sprint Review','C','El Sprint finaliza con la Sprint Retrospective, donde el equipo reflexiona sobre cómo mejorar en el siguiente Sprint.',NULL,NULL,NULL,NULL,'A.- Daily Scrum',NULL,NULL,NULL,NULL,NULL,NULL,NULL,NULL,NULL,NULL,NULL),(83,7,1,'¿Cuál es el propósito principal del Daily Scrum?',NULL,'B.- Revisar los avances y planear el trabajo del día','C.- Cambiar el Sprint Backlog','D.- Revisar el presupuesto del proyecto','B','El Daily Scrum es una reunión diaria de 15 minutos donde los desarrolladores sincronizan su trabajo y planifican el día.',NULL,NULL,NULL,NULL,'A.- Discutir problemas personales del equipo',NULL,NULL,NULL,NULL,NULL,NULL,NULL,NULL,NULL,NULL,NULL),(84,7,1,'¿Qué sucede durante la Sprint Review?',NULL,'B.- El equipo presenta lo que se completó durante el Sprint','C.- Se identifican conflictos personales','D.- Se asignan tareas al siguiente Sprint','B','Durante la Sprint Review, el equipo muestra el incremento desarrollado y recoge retroalimentación del Product Owner y stakeholders.',NULL,NULL,NULL,NULL,'A.- Se cancelan historias no completadas',NULL,NULL,NULL,NULL,NULL,NULL,NULL,NULL,NULL,NULL,NULL),(85,7,1,'¿Qué es un Sprint en el marco de trabajo Scrum?',NULL,'B.- Un ciclo de trabajo fijo en el que se crea un incremento del producto','C.- Una entrega final al cliente','D.- Un evento para revisar el rendimiento del equipo','B','El Sprint es el corazón de Scrum: un período de tiempo fijo (generalmente de 2 a 4 semanas) donde se crea un incremento usable y potencialmente entregable.',NULL,NULL,NULL,NULL,'A.- Una reunión de planificación',NULL,NULL,NULL,NULL,NULL,NULL,NULL,NULL,NULL,NULL,NULL),(86,7,1,'¿Quién es responsable de facilitar la Retrospectiva del Sprint?',NULL,'B.- El Scrum Master','C.- El equipo completo sin líder','D.- El Project Manager','B','El Scrum Master facilita la Retrospectiva del Sprint para ayudar al equipo a inspeccionar y adaptar su forma de trabajar.',NULL,NULL,NULL,NULL,'A.- El Product Owner',NULL,NULL,NULL,NULL,NULL,NULL,NULL,NULL,NULL,NULL,NULL),(87,7,1,'¿Cuál de las siguientes actividades NO es propia de una Sprint Retrospective?',NULL,'B.- Evaluar al Product Owner','C.- Plantear mejoras para el próximo Sprint','D.- Revisar dificultades enfrentadas','B','En la Retrospectiva se enfoca en el proceso y la colaboración del equipo, no en evaluar personas individualmente.',NULL,NULL,NULL,NULL,'A.- Identificar qué funcionó bien',NULL,NULL,NULL,NULL,NULL,NULL,NULL,NULL,NULL,NULL,NULL),(88,7,1,'¿Qué se inspecciona principalmente durante la Sprint Review?',NULL,'B.- El incremento del producto desarrollado','C.- El presupuesto del proyecto','D.- Los conflictos personales del equipo','B','En la Sprint Review se inspecciona el incremento creado durante el Sprint y se obtiene retroalimentación para ajustar el Product Backlog.',NULL,NULL,NULL,NULL,'A.- El desempeño individual del equipo',NULL,NULL,NULL,NULL,NULL,NULL,NULL,NULL,NULL,NULL,NULL),(90,6,1,'¿Cuál es la duración máxima recomendada del Daily Scrum?',NULL,'B.- 30 minutos','C.- 45 minutos','D.- 15 minutos','D','El Daily Scrum debe durar como máximo 15 minutos para ser ágil y eficiente.',NULL,NULL,NULL,NULL,'A.- 60 minutos',NULL,NULL,NULL,NULL,NULL,NULL,NULL,NULL,NULL,NULL,NULL),(91,6,1,'¿Quiénes deben participar activamente en el Daily Scrum?',NULL,'B.- Solo el Scrum Master','C.- Todo el equipo de desarrollo','D.- Solo los líderes del equipo','C','El Daily Scrum está diseñado para el equipo de desarrollo, quienes lo conducen y lo aprovechan para coordinar el trabajo.',NULL,NULL,NULL,NULL,'A.- Solo el Product Owner',NULL,NULL,NULL,NULL,NULL,NULL,NULL,NULL,NULL,NULL,NULL),(92,6,1,'¿Cuál de los siguientes temas es apropiado para discutir en el Daily Scrum?',NULL,'B.- Problemas personales entre miembros del equipo','C.- El trabajo realizado ayer, lo que se hará hoy y los impedimentos','D.- Resultados de encuestas de satisfacción del cliente','C','El equipo comparte lo que hizo ayer, lo que hará hoy y cualquier impedimento que afecte el trabajo.',NULL,NULL,NULL,NULL,'A.- Cambios en el presupuesto',NULL,NULL,NULL,NULL,NULL,NULL,NULL,NULL,NULL,NULL,NULL),(93,6,1,'¿Quién debe facilitar el Daily Scrum?',NULL,'B.- El Scrum Master','C.- Cualquier miembro del equipo de desarrollo','D.- Un líder designado por la empresa','C','En Scrum, el Daily Scrum es autoorganizado por el equipo de desarrollo. No es facilitado por el Scrum Master, aunque puede apoyar si se solicita.',NULL,NULL,NULL,NULL,'A.- El Product Owner',NULL,NULL,NULL,NULL,NULL,NULL,NULL,NULL,NULL,NULL,NULL),(94,8,1,'¿Cuántas ceremonias principales existen en Scrum?',NULL,'B.- 4','C.- 5','D.- 6','B','Scrum tiene 4 ceremonias principales: Sprint Planning, Daily Scrum, Sprint Review y Sprint Retrospective.',NULL,NULL,NULL,NULL,'A.- 3',NULL,NULL,NULL,NULL,NULL,NULL,NULL,NULL,NULL,NULL,NULL),(95,8,1,'¿Cuál es el propósito de la ceremonia Sprint Planning?',NULL,'B.- Reunirse con el cliente','C.- Planificar el trabajo que se realizará durante el Sprint','D.- Presentar informes financieros','C','El Sprint Planning se utiliza para definir qué se hará durante el Sprint y cómo se logrará.',NULL,NULL,NULL,NULL,'A.- Revisar los errores del Sprint anterior',NULL,NULL,NULL,NULL,NULL,NULL,NULL,NULL,NULL,NULL,NULL),(96,8,1,'¿Cuándo se realiza la Sprint Review?',NULL,'B.- Cada mañana','C.- Justo después de la Sprint Retrospective','D.- Al final del Sprint','D','La Sprint Review se realiza al final del Sprint para mostrar el incremento al Product Owner y partes interesadas.',NULL,NULL,NULL,NULL,'A.- Al inicio del Sprint',NULL,NULL,NULL,NULL,NULL,NULL,NULL,NULL,NULL,NULL,NULL),(97,8,1,'¿Qué ceremonia de Scrum se enfoca en mejorar los procesos del equipo?',NULL,'B.- Daily Scrum','C.- Sprint Retrospective','D.- Sprint Planning','C','La Sprint Retrospective permite al equipo reflexionar sobre cómo mejorar su trabajo y procesos.',NULL,NULL,NULL,NULL,'A.- Sprint Review',NULL,NULL,NULL,NULL,NULL,NULL,NULL,NULL,NULL,NULL,NULL),(98,8,1,'¿Qué sucede durante la ceremonia Daily Scrum?',NULL,'B.- El Product Owner define prioridades','C.- El equipo sincroniza su trabajo y detecta impedimentos','D.- Se presentan estadísticas del proyecto al cliente','C','Durante el Daily Scrum, el equipo se reúne brevemente para coordinar esfuerzos y detectar obstáculos.',NULL,NULL,NULL,NULL,'A.- Se revisan los entregables finales del Sprint',NULL,NULL,NULL,NULL,NULL,NULL,NULL,NULL,NULL,NULL,NULL),(99,9,1,'¿Qué es una épica en Scrum?',NULL,'B.- Un conjunto de historias de usuario relacionadas que representan una funcionalidad grande','C.- Una tarea repetitiva que se realiza en cada Sprint','D.- Un reporte de desempeño del equipo','B','Una épica es una gran historia de usuario que debe dividirse en historias más pequeñas para ser manejable.',NULL,NULL,NULL,NULL,'A.- Una reunión de planificación extendida',NULL,NULL,NULL,NULL,NULL,NULL,NULL,NULL,NULL,NULL,NULL),(100,9,1,'¿Cuál es una característica común de una épica en Scrum?',NULL,'B.- Es una actividad diaria','C.- Es demasiado grande para ser completada en un solo Sprint','D.- Requiere aprobación del cliente en cada iteración','C','Las épicas generalmente son demasiado grandes para ser completadas en un solo Sprint y deben dividirse.',NULL,NULL,NULL,NULL,'A.- Se completa en un solo Sprint',NULL,NULL,NULL,NULL,NULL,NULL,NULL,NULL,NULL,NULL,NULL),(101,9,1,'¿Dónde se documentan las épicas en Scrum?',NULL,'B.- En el Sprint Backlog','C.- En la Retrospectiva','D.- En el Daily Scrum','A','Las épicas, como todas las historias de usuario, se documentan en el Product Backlog.',NULL,NULL,NULL,NULL,'A.- En el Product Backlog',NULL,NULL,NULL,NULL,NULL,NULL,NULL,NULL,NULL,NULL,NULL),(102,9,1,'¿Quién es responsable de gestionar las épicas dentro del equipo Scrum?',NULL,'B.- El Scrum Master','C.- El Product Owner','D.- El cliente','C','El Product Owner es responsable de gestionar el Product Backlog, incluyendo las épicas.',NULL,NULL,NULL,NULL,'A.- El equipo de desarrollo',NULL,NULL,NULL,NULL,NULL,NULL,NULL,NULL,NULL,NULL,NULL),(103,9,1,'¿Qué debe hacerse con una épica antes de incluirla en un Sprint?',NULL,'B.- Convertirla en tareas técnicas','C.- Dividirla en historias de usuario más pequeñas','D.- Moverla directamente al Sprint Backlog','C','Las épicas deben dividirse en historias de usuario más pequeñas y manejables antes de agregarlas a un Sprint.',NULL,NULL,NULL,NULL,'A.- Aprobarla con el cliente final',NULL,NULL,NULL,NULL,NULL,NULL,NULL,NULL,NULL,NULL,NULL),(104,10,1,'¿Qué gráfica se usa comúnmente para visualizar el progreso diario en un Sprint?',NULL,'B.- Diagrama de Gantt','C.- Gráfica de Burn Down','D.- Gráfica de barras','C','La gráfica de Burn Down muestra cuánto trabajo queda por hacer y ayuda a visualizar el progreso del Sprint.',NULL,NULL,NULL,NULL,'A.- Gráfica de flujo acumulativo',NULL,NULL,NULL,NULL,NULL,NULL,NULL,NULL,NULL,NULL,NULL),(105,10,1,'¿Qué representa el eje Y en una gráfica de Burn Down?',NULL,'B.- La cantidad de trabajo restante','C.- El número de errores encontrados','D.- La velocidad del equipo','B','En una gráfica de Burn Down, el eje Y representa la cantidad de trabajo restante (por ejemplo, en horas o puntos de historia).',NULL,NULL,NULL,NULL,'A.- El tiempo transcurrido',NULL,NULL,NULL,NULL,NULL,NULL,NULL,NULL,NULL,NULL,NULL),(106,10,1,'¿Qué permite visualizar una gráfica de flujo acumulativo?',NULL,'B.- El trabajo planificado y el real completado','C.- El flujo de trabajo y los cuellos de botella','D.- Las tareas asignadas a cada miembro del equipo','C','La gráfica de flujo acumulativo muestra cómo fluye el trabajo a través del sistema, ayudando a identificar cuellos de botella.',NULL,NULL,NULL,NULL,'A.- La velocidad del equipo en cada Sprint',NULL,NULL,NULL,NULL,NULL,NULL,NULL,NULL,NULL,NULL,NULL),(107,10,1,'¿Qué puede indicar una línea plana en la gráfica de Burn Down durante varios días?',NULL,'B.- Que no se ha completado trabajo durante ese periodo','C.- Que el Product Owner ha agregado nuevas historias','D.- Que el Sprint ha finalizado','B','Una línea plana en la gráfica de Burn Down indica que no se ha completado trabajo en ese periodo.',NULL,NULL,NULL,NULL,'A.- Que el equipo ha completado mucho trabajo rápidamente',NULL,NULL,NULL,NULL,NULL,NULL,NULL,NULL,NULL,NULL,NULL),(108,10,1,'¿Cuál es el propósito principal de las gráficas en Scrum?',NULL,'B.- Visualizar el progreso y facilitar la toma de decisiones','C.- Informar a los clientes sobre problemas financieros','D.- Crear reportes para la alta dirección','B','Las gráficas en Scrum ayudan a visualizar el trabajo del equipo y facilitan la toma de decisiones informadas.',NULL,NULL,NULL,NULL,'A.- Controlar el trabajo del equipo de forma estricta',NULL,NULL,NULL,NULL,NULL,NULL,NULL,NULL,NULL,NULL,NULL),(109,11,1,'¿Cuál de los siguientes es un artefacto oficial de Scrum?',NULL,'B.- Product Backlog','C.- Documento de requerimientos funcionales','D.- Matriz RACI','B','El Product Backlog es uno de los artefactos oficiales de Scrum, junto con el Sprint Backlog y el Incremento.',NULL,NULL,NULL,NULL,'A.- Diagrama de Gantt',NULL,NULL,NULL,NULL,NULL,NULL,NULL,NULL,NULL,NULL,NULL),(110,11,1,'¿Qué contiene el Sprint Backlog?',NULL,'B.- Los entregables completos del proyecto','C.- Las tareas seleccionadas del Product Backlog para el Sprint actual','D.- Una lista de errores encontrados en producción','C','El Sprint Backlog contiene los elementos del Product Backlog seleccionados para el Sprint actual, junto con un plan para entregarlos.',NULL,NULL,NULL,NULL,'A.- Todas las tareas del proyecto',NULL,NULL,NULL,NULL,NULL,NULL,NULL,NULL,NULL,NULL,NULL),(111,11,1,'¿Qué representa el Incremento en Scrum?',NULL,'B.- Una historia de usuario incompleta','C.- La suma de todos los elementos completados del Product Backlog','D.- El backlog del próximo Sprint','C','El Incremento es la suma de todos los elementos del Product Backlog completados durante el Sprint y los Sprints anteriores.',NULL,NULL,NULL,NULL,'A.- Un error corregido',NULL,NULL,NULL,NULL,NULL,NULL,NULL,NULL,NULL,NULL,NULL),(112,11,1,'¿Quién es responsable de mantener el Product Backlog?',NULL,'B.- Stakeholders','C.- Equipo de desarrollo','D.- Product Owner','D','El Product Owner es responsable de mantener, priorizar y actualizar el Product Backlog.',NULL,NULL,NULL,NULL,'A.- Scrum Master',NULL,NULL,NULL,NULL,NULL,NULL,NULL,NULL,NULL,NULL,NULL),(113,11,1,'¿Qué se necesita para que un Incremento sea considerado \"Hecho\" en Scrum?',NULL,'B.- Que cumpla con la definición de \"Terminado\" del equipo','C.- Que esté documentado en una presentación','D.- Que el Scrum Master lo valide','B','Para que un Incremento sea considerado \"Hecho\", debe cumplir con la definición de \"Terminado\" acordada por el equipo Scrum.',NULL,NULL,NULL,NULL,'A.- Que el cliente lo apruebe',NULL,NULL,NULL,NULL,NULL,NULL,NULL,NULL,NULL,NULL,NULL),(114,12,1,'¿Qué es una vista materializada en SQL?',NULL,'B.- Una vista que almacena físicamente los datos en disco','C.- Una consulta que se ejecuta cada vez que se accede a la vista','D.- Una función almacenada','B','Una vista materializada guarda físicamente los resultados de una consulta, mejorando el rendimiento en lecturas.',NULL,NULL,NULL,NULL,'A.- Una tabla temporal que desaparece al cerrar sesión',NULL,NULL,NULL,NULL,NULL,NULL,NULL,NULL,NULL,NULL,NULL),(115,12,1,'¿Cuál es una ventaja principal de usar vistas materializadas?',NULL,'B.- Reducen el tiempo de procesamiento de consultas complejas','C.- Permiten modificar directamente los datos','D.- No requieren espacio en disco','B','Las vistas materializadas almacenan los resultados, por lo que las consultas complejas se ejecutan más rápido.',NULL,NULL,NULL,NULL,'A.- Siempre muestran datos en tiempo real',NULL,NULL,NULL,NULL,NULL,NULL,NULL,NULL,NULL,NULL,NULL),(116,12,1,'¿Qué comando se usa para actualizar los datos de una vista materializada?',NULL,'B.- REFRESH MATERIALIZED VIEW','C.- UPDATE MATERIALIZED','D.- COMMIT','B','El comando correcto para actualizar los datos de una vista materializada es REFRESH MATERIALIZED VIEW.',NULL,NULL,NULL,NULL,'A.- ALTER VIEW',NULL,NULL,NULL,NULL,NULL,NULL,NULL,NULL,NULL,NULL,NULL),(117,12,1,'¿Con qué frecuencia se pueden actualizar las vistas materializadas?',NULL,'B.- Nunca','C.- Manual o automáticamente según configuración','D.- Solo cuando cambia el esquema de la base de datos','C','Las vistas materializadas pueden actualizarse manualmente o con una programación automática definida.',NULL,NULL,NULL,NULL,'A.- Sólo al crearlas',NULL,NULL,NULL,NULL,NULL,NULL,NULL,NULL,NULL,NULL,NULL),(118,12,1,'¿Cuál es una diferencia entre una vista normal y una vista materializada?',NULL,'B.- La vista materializada se actualiza en tiempo real','C.- La vista normal siempre es más rápida que la materializada','D.- La vista materializada almacena datos físicamente, la normal no','D','La vista materializada guarda físicamente los datos, mientras que la vista normal solo define una consulta sin almacenar datos.',NULL,NULL,NULL,NULL,'A.- La vista normal almacena datos, la materializada no',NULL,NULL,NULL,NULL,NULL,NULL,NULL,NULL,NULL,NULL,NULL),(119,13,1,'¿Qué es una consulta dinámica en SQL o PL/SQL?',NULL,'B.- Una consulta almacenada en una vista','C.- Una consulta construida y ejecutada en tiempo de ejecución','D.- Una consulta que sólo se usa en triggers','C','Las consultas dinámicas se construyen como cadenas de texto y se ejecutan en tiempo de ejecución, permitiendo mayor flexibilidad.',NULL,NULL,NULL,NULL,'A.- Una consulta que se escribe en tiempo de compilación',NULL,NULL,NULL,NULL,NULL,NULL,NULL,NULL,NULL,NULL,NULL),(120,13,1,'¿Qué función se utiliza en PL/SQL para ejecutar una consulta dinámica?',NULL,'B.- EXECUTE IMMEDIATE','C.- RUN SQL','D.- DBMS_EXECUTE','B','EXECUTE IMMEDIATE permite ejecutar sentencias SQL almacenadas en variables tipo cadena dentro de un bloque PL/SQL.',NULL,NULL,NULL,NULL,'A.- EXECUTE QUERY',NULL,NULL,NULL,NULL,NULL,NULL,NULL,NULL,NULL,NULL,NULL),(121,13,1,'¿Cuál es una ventaja del uso de consultas dinámicas?',NULL,'B.- Facilidad para construir consultas estáticas','C.- Flexibilidad para construir sentencias en tiempo de ejecución','D.- Mejora el rendimiento en todos los casos','C','Las consultas dinámicas permiten adaptarse a distintos escenarios en tiempo de ejecución, como condiciones o tablas variables.',NULL,NULL,NULL,NULL,'A.- Menor uso de recursos del sistema',NULL,NULL,NULL,NULL,NULL,NULL,NULL,NULL,NULL,NULL,NULL),(122,13,1,'¿Qué riesgo común está asociado con el uso de consultas dinámicas?',NULL,'B.- Mal uso de los índices','C.- Inyección SQL','D.- Errores de sintaxis en vistas','C','Si no se validan correctamente los valores usados en consultas dinámicas, pueden ocurrir ataques de inyección SQL.',NULL,NULL,NULL,NULL,'A.- Pérdida de memoria RAM',NULL,NULL,NULL,NULL,NULL,NULL,NULL,NULL,NULL,NULL,NULL),(123,13,1,'¿Qué tipo de variable se debe usar en PL/SQL para almacenar una consulta dinámica?',NULL,'B.- DATE','C.- VARCHAR2','D.- NUMBER','C','Las consultas dinámicas se almacenan como cadenas, por lo que se deben usar variables tipo VARCHAR2.',NULL,NULL,NULL,NULL,'A.- BOOLEAN',NULL,NULL,NULL,NULL,NULL,NULL,NULL,NULL,NULL,NULL,NULL),(124,14,1,'¿Qué sucede si no se maneja una excepción en un bloque PL/SQL?',NULL,'B.- El bloque se salta','C.- Se lanza un error y se detiene la ejecución','D.- La excepción se convierte en una advertencia','C','Si una excepción no se maneja, el error se propaga y puede detener completamente la ejecución del programa.',NULL,NULL,NULL,NULL,'A.- El programa continúa normalmente',NULL,NULL,NULL,NULL,NULL,NULL,NULL,NULL,NULL,NULL,NULL),(125,14,1,'¿Qué es una excepción en PL/SQL?',NULL,'B.- Una estructura de bucle','C.- Una condición de error o evento inesperado','D.- Un operador lógico','C','Las excepciones son eventos que interrumpen el flujo normal del programa, como errores en tiempo de ejecución.',NULL,NULL,NULL,NULL,'A.- Un tipo de variable',NULL,NULL,NULL,NULL,NULL,NULL,NULL,NULL,NULL,NULL,NULL),(126,14,1,'¿Cuál es la cláusula utilizada para capturar excepciones en PL/SQL?',NULL,'B.- IF ERROR THEN','C.- HANDLE ERROR','D.- ON ERROR DO','A','La cláusula WHEN OTHERS THEN captura cualquier excepción no manejada previamente en un bloque EXCEPTION.',NULL,NULL,NULL,NULL,'A.- WHEN OTHERS THEN',NULL,NULL,NULL,NULL,NULL,NULL,NULL,NULL,NULL,NULL,NULL),(128,14,1,'¿Qué hace la instrucción RAISE en PL/SQL?',NULL,'B.- Declara una variable','C.- Lanza una excepción manualmente','D.- Reinicia un bucle','C','La instrucción RAISE permite generar una excepción de manera explícita para ser manejada en un bloque EXCEPTION.',NULL,NULL,NULL,NULL,'A.- Termina la ejecución del programa',NULL,NULL,NULL,NULL,NULL,NULL,NULL,NULL,NULL,NULL,NULL),(129,14,1,'¿Qué tipo de excepción es NO_DATA_FOUND?',NULL,'B.- Predefinida por PL/SQL','C.- Excepción de sintaxis','D.- Error de compilación','B','NO_DATA_FOUND es una excepción predefinida que ocurre cuando una consulta SELECT INTO no retorna datos.',NULL,NULL,NULL,NULL,'A.- Definida por el usuario',NULL,NULL,NULL,NULL,NULL,NULL,NULL,NULL,NULL,NULL,NULL),(132,15,1,'¿Qué es un trigger en PL/SQL?',NULL,'B.- Una instrucción para manejar errores','C.- Un procedimiento que se ejecuta automáticamente al ocurrir un evento','D.- Un tipo de tabla temporal','C','Un trigger es un bloque de código que se ejecuta automáticamente cuando ocurre un evento en una tabla, como un INSERT, UPDATE o DELETE.',NULL,NULL,NULL,NULL,'A.- Una consulta que devuelve múltiples resultados',NULL,NULL,NULL,NULL,NULL,NULL,NULL,NULL,NULL,NULL,NULL),(133,15,1,'¿Cuál de los siguientes eventos puede activar un trigger?',NULL,'B.- MERGE','C.- UPDATE','D.- PRINT','C','Los triggers se activan por eventos como INSERT, UPDATE y DELETE, no por consultas SELECT.',NULL,NULL,NULL,NULL,'A.- SELECT',NULL,NULL,NULL,NULL,NULL,NULL,NULL,NULL,NULL,NULL,NULL),(134,15,1,'¿En qué momento se puede ejecutar un trigger?',NULL,'B.- Solo después del evento','C.- Antes o después del evento','D.- Solo durante la creación de la tabla','C','Un trigger puede definirse para ejecutarse antes (BEFORE) o después (AFTER) de un evento como un INSERT, UPDATE o DELETE.',NULL,NULL,NULL,NULL,'A.- Solo antes del evento',NULL,NULL,NULL,NULL,NULL,NULL,NULL,NULL,NULL,NULL,NULL),(135,15,1,'¿Qué palabra clave se usa para definir un trigger en PL/SQL?',NULL,'B.- CREATE TRIGGER','C.- CREATE FUNCTION','D.- DEFINE TRIGGER','B','La definición de un trigger comienza con CREATE TRIGGER seguido del nombre y evento que lo activa.',NULL,NULL,NULL,NULL,'A.- CREATE PROCEDURE',NULL,NULL,NULL,NULL,NULL,NULL,NULL,NULL,NULL,NULL,NULL),(136,15,1,'¿Cuál es el propósito principal de los triggers?',NULL,'B.- Ejecutar automáticamente acciones ante ciertos eventos','C.- Crear nuevas tablas dinámicamente','D.- Mejorar el rendimiento del servidor','B','Los triggers permiten automatizar tareas cuando ocurren eventos como modificaciones a los datos en las tablas.',NULL,NULL,NULL,NULL,'A.- Optimizar las consultas',NULL,NULL,NULL,NULL,NULL,NULL,NULL,NULL,NULL,NULL,NULL),(137,27,2,'El coste de realizar un ataque se denomina:',NULL,'B.- Cost to break.','C.- Cost to fix.','D.- Coste de reconstrucción.','B',NULL,NULL,NULL,1,'1.1','A.- Coste de ataque.',NULL,NULL,NULL,NULL,NULL,NULL,NULL,NULL,NULL,NULL,NULL);
/*!40000 ALTER TABLE `preguntas` ENABLE KEYS */;
UNLOCK TABLES;

--
-- Table structure for table `subtema`
--

DROP TABLE IF EXISTS `subtema`;
/*!40101 SET @saved_cs_client     = @@character_set_client */;
/*!50503 SET character_set_client = utf8mb4 */;
CREATE TABLE `subtema` (
  `ID_SUBTEMA` int(11) NOT NULL AUTO_INCREMENT,
  `ID_TEMA` int(11) NOT NULL,
  `NOMBRE_SUBTEMA` varchar(150) NOT NULL,
  PRIMARY KEY (`ID_SUBTEMA`)
) ENGINE=InnoDB AUTO_INCREMENT=6 DEFAULT CHARSET=latin1;
/*!40101 SET character_set_client = @saved_cs_client */;

--
-- Dumping data for table `subtema`
--

LOCK TABLES `subtema` WRITE;
/*!40000 ALTER TABLE `subtema` DISABLE KEYS */;
INSERT INTO `subtema` VALUES (1,1,'JAVA'),(2,1,'PYTHON'),(3,1,'SQL'),(4,1,'SCRUM'),(5,1,'CIBERSEGURIDAD');
/*!40000 ALTER TABLE `subtema` ENABLE KEYS */;
UNLOCK TABLES;

--
-- Table structure for table `subtema_topico`
--

DROP TABLE IF EXISTS `subtema_topico`;
/*!40101 SET @saved_cs_client     = @@character_set_client */;
/*!50503 SET character_set_client = utf8mb4 */;
CREATE TABLE `subtema_topico` (
  `ID_SUBTEMA_TOPICO` int(11) NOT NULL AUTO_INCREMENT,
  `ID_SUBTEMA` int(11) NOT NULL,
  `ID_TOPICO` int(11) NOT NULL,
  PRIMARY KEY (`ID_SUBTEMA_TOPICO`)
) ENGINE=InnoDB AUTO_INCREMENT=28 DEFAULT CHARSET=latin1;
/*!40101 SET character_set_client = @saved_cs_client */;

--
-- Dumping data for table `subtema_topico`
--

LOCK TABLES `subtema_topico` WRITE;
/*!40000 ALTER TABLE `subtema_topico` DISABLE KEYS */;
INSERT INTO `subtema_topico` VALUES (1,1,1),(2,2,1),(3,3,1),(4,4,2),(5,4,3),(6,4,5),(7,4,4),(8,4,6),(9,4,7),(10,4,8),(11,4,9),(12,3,102),(13,3,62),(14,3,16),(15,3,61),(16,3,60),(17,3,59),(18,3,58),(19,3,57),(20,3,56),(21,3,55),(22,3,101),(23,3,53),(24,3,11),(25,3,51),(26,3,12),(27,5,103);
/*!40000 ALTER TABLE `subtema_topico` ENABLE KEYS */;
UNLOCK TABLES;

--
-- Table structure for table `tema`
--

DROP TABLE IF EXISTS `tema`;
/*!40101 SET @saved_cs_client     = @@character_set_client */;
/*!50503 SET character_set_client = utf8mb4 */;
CREATE TABLE `tema` (
  `ID_TEMA` int(11) NOT NULL AUTO_INCREMENT,
  `NOMBRE_TEMA` varchar(100) NOT NULL,
  PRIMARY KEY (`ID_TEMA`),
  UNIQUE KEY `NOMBRE_TEMA` (`NOMBRE_TEMA`)
) ENGINE=InnoDB AUTO_INCREMENT=2 DEFAULT CHARSET=latin1;
/*!40101 SET character_set_client = @saved_cs_client */;

--
-- Dumping data for table `tema`
--

LOCK TABLES `tema` WRITE;
/*!40000 ALTER TABLE `tema` DISABLE KEYS */;
INSERT INTO `tema` VALUES (1,'INFORMATICA');
/*!40000 ALTER TABLE `tema` ENABLE KEYS */;
UNLOCK TABLES;

--
-- Table structure for table `topico`
--

DROP TABLE IF EXISTS `topico`;
/*!40101 SET @saved_cs_client     = @@character_set_client */;
/*!50503 SET character_set_client = utf8mb4 */;
CREATE TABLE `topico` (
  `ID_TOPICO` int(11) NOT NULL AUTO_INCREMENT,
  `NOMBRE_TOPICO` varchar(150) NOT NULL,
  PRIMARY KEY (`ID_TOPICO`),
  UNIQUE KEY `NOMBRE_TOPICO_UNIQUE` (`NOMBRE_TOPICO`)
) ENGINE=InnoDB AUTO_INCREMENT=104 DEFAULT CHARSET=latin1;
/*!40101 SET character_set_client = @saved_cs_client */;

--
-- Dumping data for table `topico`
--

LOCK TABLES `topico` WRITE;
/*!40000 ALTER TABLE `topico` DISABLE KEYS */;
INSERT INTO `topico` VALUES (19,'ABSTRACCION Y COMPOSICION'),(23,'ALGORITMOS DE ORDENAMIENTO Y BUSQUEDA'),(97,'API GATEWAY'),(91,'ARQUITECTURA HEXAGONAL'),(9,'ARTEACTOS'),(76,'ASINCRONIA'),(51,'BUCLES'),(63,'BUENAS PRACTICAS'),(89,'BUNDLERS'),(79,'CALL STACK'),(72,'CALLBACKS'),(6,'CEREMONIAS'),(103,'CIBERSEGURIDAD'),(14,'CLASES'),(57,'CLAUSULAS'),(71,'CLOSURES'),(22,'COLECCIONES'),(55,'CONSULTAS'),(62,'CONSULTAS DINAMICAS'),(53,'CURSORES'),(5,'DAILY'),(90,'DDD DOMAIN DRIVEN DESIGN'),(81,'DEBOUNCE'),(86,'DEPENDENDIAS NPM'),(67,'DESTRUCTURACION'),(64,'DOM'),(18,'ENCAPSULAMINETO'),(7,'EPICAS'),(49,'ESTRUCTURA DE CODIGO'),(12,'ESTRUCTURAS DE CONTROL'),(78,'EVENT LOOP'),(65,'EVENTOS'),(16,'EXCEPCIONES'),(44,'FACTORY'),(4,'FASES'),(92,'FEIGN CLIENT'),(74,'FETCH API'),(66,'FUNCIONES DE ORDEN SUPERIOR'),(41,'GESTION DE DEPENDENCIAS MAVEN'),(8,'GRAFICAS DE SCRUM'),(94,'GRPC'),(24,'HILOS'),(3,'HISTORIAS DE USUARIO'),(37,'HTTP'),(39,'IDE'),(99,'INTEGRATION TEST'),(28,'JAVA.UTIL.CONCURRENT'),(29,'JDBC'),(73,'JSON'),(33,'JSP'),(96,'JWT'),(50,'LEGIBILIDAD'),(26,'MANEJO DE CONDICIONES'),(61,'MANEJO DE EVENTOS'),(36,'MANEJO DE SESIONES Y AUTENTICACION'),(77,'MANIPULACION AVANZADA DEL DOM'),(56,'MANIPULACION DE TABLAS'),(47,'MANTENIBILIDAD'),(95,'MENSAJERIA ASINCRONIA'),(13,'METODOS Y FUNCIONES'),(35,'MVC'),(15,'OBJETOS'),(46,'OBSERVER'),(93,'OPEN FEIGN'),(48,'ORGANIZACION'),(30,'ORM'),(59,'PAQUETES'),(54,'PRCEDIMIENTOS Y FUNCIONES'),(42,'PRINCIPIOS SOLID'),(101,'PROCEDIMIENTOS Y FUNCIONES'),(17,'PROGRAMACION ORIENTADA A OBJETOS'),(75,'PROMESAS'),(85,'PWA PROGRESIVE WEB APPS'),(20,'RELACIONES ENTRE CLASES'),(38,'REST'),(2,'ROLES'),(70,'SCOPE Y HOSTING'),(84,'SERICE WORKERS'),(32,'SERVLETS'),(25,'SINCRONIZACION'),(43,'SINGELTON'),(1,'SINTAXIS'),(40,'SISTEMAS DE CONTROL DE VERSIONES'),(69,'SPREAD Y REST OPERATORS'),(34,'SPRING'),(100,'SPRING BOOT'),(10,'SPRINTS'),(31,'SQL'),(45,'STRATEGY'),(68,'TEMPLATE LITERALS'),(87,'TESTING JEST'),(88,'TESTING MOCHA'),(82,'THROTTLE'),(52,'TIPOS DE DATOS'),(11,'TIPOS DE DATOS Y VARIABLES'),(58,'TRANSACCIONES Y CONTROL DE CONCURRENCIA'),(60,'TRIGGERS'),(98,'UNIT TEST'),(27,'USO DE BLOQUEOS Y SEMAFOROS'),(21,'USO DE INTERFACES Y CLASES ABSTRACTAS'),(102,'VISTAS MATERIALIZADAS'),(80,'WEB APIS'),(83,'WEBSOCKETS');
/*!40000 ALTER TABLE `topico` ENABLE KEYS */;
UNLOCK TABLES;
/*!40103 SET TIME_ZONE=@OLD_TIME_ZONE */;

/*!40101 SET SQL_MODE=@OLD_SQL_MODE */;
/*!40014 SET FOREIGN_KEY_CHECKS=@OLD_FOREIGN_KEY_CHECKS */;
/*!40014 SET UNIQUE_CHECKS=@OLD_UNIQUE_CHECKS */;
/*!40101 SET CHARACTER_SET_CLIENT=@OLD_CHARACTER_SET_CLIENT */;
/*!40101 SET CHARACTER_SET_RESULTS=@OLD_CHARACTER_SET_RESULTS */;
/*!40101 SET COLLATION_CONNECTION=@OLD_COLLATION_CONNECTION */;
/*!40111 SET SQL_NOTES=@OLD_SQL_NOTES */;

-- Dump completed on 2026-01-10  0:48:20
